Track Name,Artists,Album Cover URL
Obscene,Pluralone,https://i.scdn.co/image/ab67616d0000b27391e29058781a7a0f866c42b0
Remembering Sunday,All Time Low,https://i.scdn.co/image/ab67616d0000b273c8913cd7b91bb7f6bbbec305
Duality,Slipknot,https://i.scdn.co/image/ab67616d0000b2736b3463e7160d333ada4b175a
Don't Mess With Ouija Boards,Falling In Reverse,https://i.scdn.co/image/ab67616d0000b2732a4546ed22694f4297f6bdb9
Kiss Me,Sixpence None The Richer,https://i.scdn.co/image/ab67616d0000b273cfc5eea6cfd77e89ed3ac5a4
The Afterglow,"John Frusciante, Josh Klinghoffer",https://i.scdn.co/image/ab67616d0000b273fad5d9e78941effaf4232716
Dive In,Pierce The Veil,https://i.scdn.co/image/ab67616d0000b273feef5b9537d7b52555a42f17
Roses for the Dead,Funeral For A Friend,https://i.scdn.co/image/ab67616d0000b2735c92ed1239d3f3520226b2a3
The Red,Chevelle,https://i.scdn.co/image/ab67616d0000b273bd444869348f556430c21890
Reverse This Curse,Escape the Fate,https://i.scdn.co/image/ab67616d0000b2732541614ba5551322c8a1a478
Emily,From First To Last,https://i.scdn.co/image/ab67616d0000b273e4144506ed8ed561e3d518d4
Just The Way You Are,Pierce The Veil,https://i.scdn.co/image/ab67616d0000b2734978eed9f147170024b9a65b
Scourge of Iron,Cannibal Corpse,https://i.scdn.co/image/ab67616d0000b2732d3c8436b5316b6074f407f9
"If I'm James Dean, You're Audrey Hepburn",Sleeping With Sirens,https://i.scdn.co/image/ab67616d0000b273032fd22bde573d0746c87352
Vogue,Madonna,https://i.scdn.co/image/ab67616d0000b2736b44fa8f5415cc4c945117be
How Come,Ray LaMontagne,https://i.scdn.co/image/ab67616d0000b273d6a05bd7c15919e93d242470
Suddenly I See,KT Tunstall,https://i.scdn.co/image/ab67616d0000b273183730e8038fa632b2c227da
Addicted,Simple Plan,https://i.scdn.co/image/ab67616d0000b273fbee462a3aa4e7ea05e07aa5
Duvet,bôa,https://i.scdn.co/image/ab67616d0000b273948506eef3b3350b2385ef51
The Drug In Me Is You,Falling In Reverse,https://i.scdn.co/image/ab67616d0000b2732a4546ed22694f4297f6bdb9
This War Is Ours (The Guillotine II),Escape the Fate,https://i.scdn.co/image/ab67616d0000b273b69af5d9f8fb68e9c820d662
Ashley,Escape the Fate,https://i.scdn.co/image/ab67616d0000b273b69af5d9f8fb68e9c820d662
Situations,Escape the Fate,https://i.scdn.co/image/ab67616d0000b2732541614ba5551322c8a1a478
King For A Day,"Pierce The Veil, Kellin Quinn",https://i.scdn.co/image/ab67616d0000b273077cac00c2d9075e6f742570
"They Perched on Their Stilts, Pointing and Daring Me to Break Custom",Saosin,https://i.scdn.co/image/ab67616d0000b27380ba86a4d3442ac4213281a0
Can't Be Saved,Senses Fail,https://i.scdn.co/image/ab67616d0000b273c9d1ffaf3fac0ce36f3c6f9f
If You Can't Hang,Sleeping With Sirens,https://i.scdn.co/image/ab67616d0000b273800934f8144df91dae16b6e4
The Quiet Things That No One Ever Knows,Brand New,https://i.scdn.co/image/ab67616d0000b2731d421119351d6801a2c99741
Understanding In A Car Crash,Thursday,https://i.scdn.co/image/ab67616d0000b2736a592e74ff9456c0a2e39e47
Covet,Basement,https://i.scdn.co/image/ab67616d0000b273fb5759dc6a1d9eb96dadde10
Radio,Alkaline Trio,https://i.scdn.co/image/ab67616d0000b273e0b6191a8484dcf1326d634f
"This Ain't A Scene, It's An Arms Race",Fall Out Boy,https://i.scdn.co/image/ab67616d0000b273da071ae7564949fbbfc6904d
Therapy,All Time Low,https://i.scdn.co/image/ab67616d0000b27324889965c2b453cbd439a7f6
Sic Transit Gloria ... Glory Fades,Brand New,https://i.scdn.co/image/ab67616d0000b2731d421119351d6801a2c99741
The After Dinner Payback,From Autumn To Ashes,https://i.scdn.co/image/ab67616d0000b27339e7044c77f578d78b716ff5
No Trivia,From Autumn To Ashes,https://i.scdn.co/image/ab67616d0000b27339e7044c77f578d78b716ff5
Time to Waste,Alkaline Trio,https://i.scdn.co/image/ab67616d0000b273343ffde21888b775a29f3219
Project Mayhem,Finch,https://i.scdn.co/image/ab67616d0000b273b9c62c316267ad2e951bfe4b
Gnossienne No. 1,"Erik Satie, Alena Cherny",https://i.scdn.co/image/ab67616d0000b273644e2da6c39885f8eac4e535
Grey Matter,Finch,https://i.scdn.co/image/ab67616d0000b273b9c62c316267ad2e951bfe4b
But It's Better If You Do,Panic! At The Disco,https://i.scdn.co/image/ab67616d0000b273e8b923caee478adf4a5b56de
Wake Me up When September Ends,Green Day,https://i.scdn.co/image/ab67616d0000b2739079e678be6b947cc2b3b5c6
How to Save a Life,The Fray,https://i.scdn.co/image/ab67616d0000b27359b8b957f164ce660919f1f4
Other Side Of The World,KT Tunstall,https://i.scdn.co/image/ab67616d0000b273183730e8038fa632b2c227da
Torn,Natalie Imbruglia,https://i.scdn.co/image/ab67616d0000b27384bb2b1e87d5ba0bac8871a2
The Anthem,Good Charlotte,https://i.scdn.co/image/ab67616d0000b273a9bae94ddb20a71f573931c0
Sparkle,Live,https://i.scdn.co/image/ab67616d0000b2736bb78aeaf611aa92171eab60
Meet Me at the Corner,Red Hot Chili Peppers,https://i.scdn.co/image/ab67616d0000b27396136a2ab5696812e9b26723
Note to Self,From First To Last,https://i.scdn.co/image/ab67616d0000b273e4144506ed8ed561e3d518d4
Pretty Noose,Soundgarden,https://i.scdn.co/image/ab67616d0000b2736d70b73bcb327515e9fa8fac
Black,Pearl Jam,https://i.scdn.co/image/ab67616d0000b273d400d27cba05bb0545533864
Mascara,John Frusciante,https://i.scdn.co/image/ab67616d0000b2738cd9d66257693d898fb4acf2
One Last Breath,Creed,https://i.scdn.co/image/ab67616d0000b273a32f2ae4dade83e0d7a294f4
When You Are Done Living on Borrowed Time,empire! empire! (i was a lonely estate),https://i.scdn.co/image/ab67616d0000b273207acb4b365b40a16a6c665c
Song That Made Us What We Are Today - Demo,Red Hot Chili Peppers,https://i.scdn.co/image/ab67616d0000b27379ac84696fa8624e97684d27
"Sugar, We're Goin Down",Fall Out Boy,https://i.scdn.co/image/ab67616d0000b27350ed3995761be8f0a2a52ae9
Right Before My Eyes - Unpeeled,Cage The Elephant,https://i.scdn.co/image/ab67616d0000b27372b478dedd009d6b8d6e7971
Show Me How to Live,Audioslave,https://i.scdn.co/image/ab67616d0000b273a7292b6863258e889b78d787
Bring Me To Life,Evanescence,https://i.scdn.co/image/ab67616d0000b27325f49ab23f0ec6332efef432
Hand Of Blood,Bullet For My Valentine,https://i.scdn.co/image/ab67616d0000b27354113df5ab7a69df8a44c37e
180db_ [130],Aphex Twin,https://i.scdn.co/image/ab67616d0000b2736ea96ba633bead24af562890
"Dance, Dance",Fall Out Boy,https://i.scdn.co/image/ab67616d0000b27350ed3995761be8f0a2a52ae9
Xtal,Aphex Twin,https://i.scdn.co/image/ab67616d0000b27338906032688bb13b135ce19a
Girls,Beastie Boys,https://i.scdn.co/image/ab67616d0000b273a7ea08ab3914c5fb2084a8ac
Wicked Game,Chris Isaak,https://i.scdn.co/image/ab67616d0000b273b66c23534dd78ff7d3da83b8
In 3's - Remastered 2009,Beastie Boys,https://i.scdn.co/image/ab67616d0000b273d524bd8dd1ea53b9a0e1dd9e
Lighten Up - Remastered 2009,Beastie Boys,https://i.scdn.co/image/ab67616d0000b273d524bd8dd1ea53b9a0e1dd9e
Cliffs of Dover - Live,Eric Johnson,https://i.scdn.co/image/ab67616d0000b273e22b7fc57beec8244c2e3f62
繋がる遥か彼方,toe,https://i.scdn.co/image/ab67616d0000b2731613b09e0c27a64d034ca18f
Snowed Under,Keane,https://i.scdn.co/image/ab67616d0000b2738d175a2eed88b5cd85dab5aa
A Corner - EP Version,John Frusciante,https://i.scdn.co/image/ab67616d0000b2734d29a65f2f9d36e29896005a
Suffocating Under Words Of Sorrow (What Can I Do),Bullet For My Valentine,https://i.scdn.co/image/ab67616d0000b273233197dc8eec636f1e35b2ba
Tears Don't Fall,Bullet For My Valentine,https://i.scdn.co/image/ab67616d0000b273233197dc8eec636f1e35b2ba
Emergency,Paramore,https://i.scdn.co/image/ab67616d0000b2735cab62839794c2cc3d6a135b
"Little Bubble, Where You Going?",Piglet,https://i.scdn.co/image/ab67616d0000b2732b937dc73eb2e98cc563c964
Boy,Instupendo,https://i.scdn.co/image/ab67616d0000b2733d8de9cbc9121cdd19faa8e2
My Boy (Meduza Dance Edit),"R Plus, Dido, MEDUZA",https://i.scdn.co/image/ab67616d0000b27301919c26cad182059c274112
Zero Sum,The Smile,https://i.scdn.co/image/ab67616d0000b2736613d3127feee7ee948412f9
LONG SEASON,Fishmans,https://i.scdn.co/image/ab67616d0000b273f9f1de08fccfce6067fbd225
Lying Is the Most Fun a Girl Can Have Without Taking Her Clothes Off,Panic! At The Disco,https://i.scdn.co/image/ab67616d0000b273e8b923caee478adf4a5b56de
Tears Don't Fall,Bullet For My Valentine,https://i.scdn.co/image/ab67616d0000b27340deaedd1bc625494819049b
Alone,Bullet For My Valentine,https://i.scdn.co/image/ab67616d0000b273f467961e3089fd694c893584
We Won't Back Down,Escape the Fate,https://i.scdn.co/image/ab67616d0000b273b69af5d9f8fb68e9c820d662
MakeDamnSure,Taking Back Sunday,https://i.scdn.co/image/ab67616d0000b2737592cccc051542c3df4daa41
Centuries,Fall Out Boy,https://i.scdn.co/image/ab67616d0000b2733cf1c1dbcfa3f1ab7282719b
Sk8er Boi,Avril Lavigne,https://i.scdn.co/image/ab67616d0000b273f7ec724fbf97a30869d06240
Complicated,Avril Lavigne,https://i.scdn.co/image/ab67616d0000b273f7ec724fbf97a30869d06240
Guillotine IV (the Final Chapter),Falling In Reverse,https://i.scdn.co/image/ab67616d0000b2737e8348f7c8b04198b1858757
Whatsername,Green Day,https://i.scdn.co/image/ab67616d0000b2739079e678be6b947cc2b3b5c6
"Dear Maria, Count Me In",All Time Low,https://i.scdn.co/image/ab67616d0000b273c8913cd7b91bb7f6bbbec305
You Oughta Know - 2015 Remaster,Alanis Morissette,https://i.scdn.co/image/ab67616d0000b273242e643ea07118ecf677a6ef
Hard Times,Paramore,https://i.scdn.co/image/ab67616d0000b273dbd83e179619408e5d05cc99
Say It Ain't So - Original Mix,Weezer,https://i.scdn.co/image/ab67616d0000b273345536847e60f622ee0eae96
Decode,Paramore,https://i.scdn.co/image/ab67616d0000b273b236d0eae2659e7e7adb8b56
Still into You,Paramore,https://i.scdn.co/image/ab67616d0000b273532033d0d90736f661c13d35
Misery Business,Paramore,https://i.scdn.co/image/ab67616d0000b27369966efa45b125ed6711b43c
Brain Stew,Green Day,https://i.scdn.co/image/ab67616d0000b273ac9a652335cf34de9a65292a
I'm Not Okay (I Promise),My Chemical Romance,https://i.scdn.co/image/ab67616d0000b273cab7ae4868e9f9ce6bdfdf43
I Write Sins Not Tragedies,Panic! At The Disco,https://i.scdn.co/image/ab67616d0000b273e8b923caee478adf4a5b56de
Backslide,Twenty One Pilots,https://i.scdn.co/image/ab67616d0000b2739cf15c7323fb85b7112197d5
The Chicken in Black,Johnny Cash,https://i.scdn.co/image/ab67616d0000b2734abe713eb149aa4ce2bd74d6
Heart Of Gold,Johnny Cash,https://i.scdn.co/image/ab67616d0000b273b905a2b99e3510c2fd7d07c2
Linger,The Cranberries,https://i.scdn.co/image/ab67616d0000b273f6325f361d7803ad0d908451
Sparks,Coldplay,https://i.scdn.co/image/ab67616d0000b2739164bafe9aaa168d93f4816a
Head Over Heels,ABBA,https://i.scdn.co/image/ab67616d0000b27342678f54dfd1d5afb3eea19a
Yellow,Coldplay,https://i.scdn.co/image/ab67616d0000b2739164bafe9aaa168d93f4816a
It Never Rains in Southern California,Albert Hammond,https://i.scdn.co/image/ab67616d0000b2737a26b62978e61d5068164a63
"Cello Suite No. 1 in G Major, BWV 1007: I. Prélude","Johann Sebastian Bach, Yo-Yo Ma",https://i.scdn.co/image/ab67616d0000b273cbb64bd416bb225456100bbc
You're So Vain,Carly Simon,https://i.scdn.co/image/ab67616d0000b2731af9e8390e2d251b916d9185
Summer Dress,"R Plus, Dido",https://i.scdn.co/image/ab67616d0000b27301919c26cad182059c274112
Come Together,"Urbandawn, Tyson Kelly",https://i.scdn.co/image/ab67616d0000b2730e6eef738f3239ea6bdc7be3
Sk8er Boi,Avril Lavigne,https://i.scdn.co/image/ab67616d0000b2736836425e4ddb2249bd1431f1
Combustion,Meshuggah,https://i.scdn.co/image/ab67616d0000b27357669e4d1c2825c21a60fb84
Sonnet,The Verve,https://i.scdn.co/image/ab67616d0000b273707d13d3f87652e737e94d45
Feeling Good,Muse,https://i.scdn.co/image/ab67616d0000b2735225e9931a558f6d2f541a7d
Crazy In Love,Snow Patrol,https://i.scdn.co/image/ab67616d0000b27309e243a09405dcfc10de9935
You Spin Me Round (Like a Record),Dead Or Alive,https://i.scdn.co/image/ab67616d0000b273bd0c47e4cfb4ee327e53bc73
Hunter,Dido,https://i.scdn.co/image/ab67616d0000b2733e5cbf3b3ac5905cb68377d5
Life for Rent,Dido,https://i.scdn.co/image/ab67616d0000b273d41b79f27ef8d8df5a191219
White Flag,Dido,https://i.scdn.co/image/ab67616d0000b273d41b79f27ef8d8df5a191219
Here With Me,Dido,https://i.scdn.co/image/ab67616d0000b2733e5cbf3b3ac5905cb68377d5
Demiurge,Meshuggah,https://i.scdn.co/image/ab67616d0000b27354eb78edf5f8a6d66c1d2f7e
Sleep,John Frusciante,https://i.scdn.co/image/ab67616d0000b273b18ea5b5718406a1697d1e14
Who Can It Be Now?,Men At Work,https://i.scdn.co/image/ab67616d0000b273aa5e4c9da271951ac0b31fa2
"For Emily, Whenever I May Find Her - Live in St. Louis, MO - November 1969",Simon & Garfunkel,https://i.scdn.co/image/ab67616d0000b2739a8a66a79fbf93928f897c9b
Footsteps,Pearl Jam,https://i.scdn.co/image/ab67616d0000b2738df1fdc14be33eb2c991d60f
Breakfast At Tiffany's,Deep Blue Something,https://i.scdn.co/image/ab67616d0000b273038f8fad2f75b637f1c9aef5
Sum,John Frusciante,https://i.scdn.co/image/ab67616d0000b273debfbae473f3d557cd5d74d9
Uprane,John Frusciante,https://i.scdn.co/image/ab67616d0000b273debfbae473f3d557cd5d74d9
Boys Don't Cry,The Cure,https://i.scdn.co/image/ab67616d0000b273ca40908d43a2a80fb34de8a3
Say Hello 2 Heaven,Temple Of The Dog,https://i.scdn.co/image/ab67616d0000b273483c3d93af76b1f635f9dc7d
The Slaughter,John Frusciante,https://i.scdn.co/image/ab67616d0000b273170c1534eab1173ca18982ed
Trippin' on a Hole in a Paper Heart,Stone Temple Pilots,https://i.scdn.co/image/ab67616d0000b27360a8e6e611fd351815ae9b11
Lumberjack,Serum,https://i.scdn.co/image/ab67616d0000b273555679f571f590cd9493f743
Come Together,"Urbandawn, Tyson Kelly",https://i.scdn.co/image/ab67616d0000b27366374fc78361eac0e11c5345
Head Over Heels,Tears For Fears,https://i.scdn.co/image/ab67616d0000b273a9fac36898dc1302b5f642b3
Drive,Incubus,https://i.scdn.co/image/ab67616d0000b27374fad40214d982351347e46e
Save It For Later,Eddie Vedder,https://i.scdn.co/image/ab67616d0000b2735af7982c610a1486553a47f5
TAKE ME AWAY,"Rooler, Sickmode, Paul Elstak",https://i.scdn.co/image/ab67616d0000b2736a919724bc63257935dc9245
Given Up,Linkin Park,https://i.scdn.co/image/ab67616d0000b2736e996745f2c7b8036abef213
How Deep Is Your Love,Bee Gees,https://i.scdn.co/image/ab67616d0000b27352038992fc6d7868f31d23b7
Unreachable,John Frusciante,https://i.scdn.co/image/ab67616d0000b273833104647f596f77a3a6aa5f
Central,John Frusciante,https://i.scdn.co/image/ab67616d0000b273833104647f596f77a3a6aa5f
Dead End Friends,Them Crooked Vultures,https://i.scdn.co/image/ab67616d0000b2737355bb17937d57983e09f9f9
There Is a Light That Never Goes Out - 2011 Remaster,The Smiths,https://i.scdn.co/image/ab67616d0000b273ada101c2e9e97feb8fae37a9
Wishing,John Frusciante,https://i.scdn.co/image/ab67616d0000b27316f2f88d46c320334011dc25
Descent,Fear Factory,https://i.scdn.co/image/ab67616d0000b273f9e09d72150cd35e050b05bd
Edgecrusher,Fear Factory,https://i.scdn.co/image/ab67616d0000b273f9e09d72150cd35e050b05bd
Flashpoint - Chosen Few Mix,Fear Factory,https://i.scdn.co/image/ab67616d0000b2739f588bbc502030c9dbfc7b1b
Machines of Hate,Fear Factory,https://i.scdn.co/image/ab67616d0000b2739f588bbc502030c9dbfc7b1b
T-1000,Fear Factory,https://i.scdn.co/image/ab67616d0000b2739f588bbc502030c9dbfc7b1b
Transgenic,Fear Factory,https://i.scdn.co/image/ab67616d0000b2739f588bbc502030c9dbfc7b1b
New Breed - Spoetnik Mix,Fear Factory,https://i.scdn.co/image/ab67616d0000b2739f588bbc502030c9dbfc7b1b
Iconoclast,"Decapitated, Machine Head",https://i.scdn.co/image/ab67616d0000b273d56740e2ec7b9e2f2b1034b6
Pride,Damageplan,https://i.scdn.co/image/ab67616d0000b27339230c2232fd9b57b1bbc70d
Cars - Remix,Fear Factory,https://i.scdn.co/image/ab67616d0000b27356a4f2d77e9595a037c4874e
Descent,Fear Factory,https://i.scdn.co/image/ab67616d0000b27356a4f2d77e9595a037c4874e
Game Over,Machine Head,https://i.scdn.co/image/ab67616d0000b27359160b2170f8e3acf85371b5
Mr. Highway's Thinking About The End,A Day To Remember,https://i.scdn.co/image/ab67616d0000b2730b02af77159866fe3e011c76
Laid to Rest,Lamb of God,https://i.scdn.co/image/ab67616d0000b2738f5b754451ee8f8caaf5375b
Citizen Erased,Muse,https://i.scdn.co/image/ab67616d0000b2735225e9931a558f6d2f541a7d
Road Trippin' (Arr. for Guitar),"Anthony Kiedis, John Frusciante, Chad Smith, Michael Balzary, Arlo Vega",https://i.scdn.co/image/ab67616d0000b273c08c08fca05af686cf8d9f4e
A Little Bit of Sanity,Flea,https://i.scdn.co/image/ab67616d0000b273fbf31b88d570149278959081
Pedestal of Infamy,Flea,https://i.scdn.co/image/ab67616d0000b273fbf31b88d570149278959081
Blacklist,Exodus,https://i.scdn.co/image/ab67616d0000b273378c4ee63d4511e43d0398b8
Glycerine - Remastered,Bush,https://i.scdn.co/image/ab67616d0000b2731581237e4d580feafaed6bc0
Wish You Were Here,Incubus,https://i.scdn.co/image/ab67616d0000b273289320ef78f164a472698926
Self Esteem,The Offspring,https://i.scdn.co/image/ab67616d0000b2730158cbde70672dd821972907
Disconnected,Keane,https://i.scdn.co/image/ab67616d0000b273c953dab073662f0900f5ec22
Time After Time,Cyndi Lauper,https://i.scdn.co/image/ab67616d0000b273681265e351fc75e60d0fa50b
La Grange (2005 Remaster),ZZ Top,https://i.scdn.co/image/ab67616d0000b273db9c5945ce3a3f873695d18a
Owner of a Lonely Heart,Yes,https://i.scdn.co/image/ab67616d0000b2739d9a49f795b4340538f43435
This Love,Pantera,https://i.scdn.co/image/ab67616d0000b273347c0a40c1e3f0c890a6d9d6
Into the Groove,Madonna,https://i.scdn.co/image/ab67616d0000b273f1d95f4dbd086792e3ea5aa3
Lightning Crashes,Live,https://i.scdn.co/image/ab67616d0000b27323d8d82a798baa960fdb5070
Plush - Acoustic,Stone Temple Pilots,https://i.scdn.co/image/ab67616d0000b27377696910e15c42a5e37636e5
Creep,Stone Temple Pilots,https://i.scdn.co/image/ab67616d0000b273147e0a8a7c795a4eb7c511db
Gold,Spandau Ballet,https://i.scdn.co/image/ab67616d0000b27357051c7a61d037d4f2ddaeb4
Drag the Waters,Pantera,https://i.scdn.co/image/ab67616d0000b273e698b41c758c1a49fecbc1cf
Living Through Me (Hells' Wrath),Pantera,https://i.scdn.co/image/ab67616d0000b273e698b41c758c1a49fecbc1cf
You've Got to Belong to It,Pantera,https://i.scdn.co/image/ab67616d0000b27392f35233e7314a71e9f275a2
Learn to Fly,Foo Fighters,https://i.scdn.co/image/ab67616d0000b2731759635c92b6314d3d3c9fe9
Murder On The Dancefloor,Sophie Ellis-Bextor,https://i.scdn.co/image/ab67616d0000b273b736151ed1c04f2d41d5f69e
Mistakes,John Frusciante,https://i.scdn.co/image/ab67616d0000b273debfbae473f3d557cd5d74d9
Dissolve - EP Version,John Frusciante,https://i.scdn.co/image/ab67616d0000b2734d29a65f2f9d36e29896005a
Next Time You See Her,Eric Clapton,https://i.scdn.co/image/ab67616d0000b2735e7464d9d8a25b2bf74b782a
"Stars, Strays And Ashtrays",Eric Clapton,https://i.scdn.co/image/ab67616d0000b2735e7464d9d8a25b2bf74b782a
Psychosocial,Slipknot,https://i.scdn.co/image/ab67616d0000b273e7fbc0883149094912559f2c
Sunshine - Remastered 2024,Keane,https://i.scdn.co/image/ab67616d0000b27392aab888dd49d19ddb39fb62
Dirty Window,Metallica,https://i.scdn.co/image/ab67616d0000b273ee5869b2880109918fc47199
Tears Don't Fall,Bullet For My Valentine,https://i.scdn.co/image/ab67616d0000b27354113df5ab7a69df8a44c37e
Everlong,Foo Fighters,https://i.scdn.co/image/ab67616d0000b2730389027010b78a5e7dce426b
Best of You,Foo Fighters,https://i.scdn.co/image/ab67616d0000b2736c44679425e2695001b35d72
Freak On a Leash,Korn,https://i.scdn.co/image/ab67616d0000b27350d216aebaf98e8ac9947fd5
Spiralling,Keane,https://i.scdn.co/image/ab67616d0000b2739e92d9435e01bfcf771a5514
Don't Back Down,Mammoth,https://i.scdn.co/image/ab67616d0000b273d7f83898cd060fc5578f34cf
Domination,Pantera,https://i.scdn.co/image/ab67616d0000b2730ce52f4ba340a1e459e6a978
"Chopin: Nocturne No. 20 in C-Sharp Minor, Op. Posth.","Frédéric Chopin, Mikhail Pletnev",https://i.scdn.co/image/ab67616d0000b273ae4dfa09519c27b64cd5a958
"Vivaldi Variation (Arr. for Piano from Concerto for Strings in G Minor, RV 156 by F. Christl)","Antonio Vivaldi, Florian Christl",https://i.scdn.co/image/ab67616d0000b273286ad27505307c3d93ac6ab1
The Heart of Life,John Mayer,https://i.scdn.co/image/ab67616d0000b2737af5fdc5ef048a68db62b85f
Girls on Film - 2010 Remaster,Duran Duran,https://i.scdn.co/image/ab67616d0000b2730fc83f41d5f0bd27105e5048
The Reflex - Single Version; 2010 Remaster,Duran Duran,https://i.scdn.co/image/ab67616d0000b273b66a8f4f3f57f2cc43c88775
The Wild Boys,Duran Duran,https://i.scdn.co/image/ab67616d0000b2738fb8aca87001515a6945b9b7
A View to a Kill,Duran Duran,https://i.scdn.co/image/ab67616d0000b2735c8f2a04c85c677bfe2b1639
The Power Of Love - 2006 Remastered Version,Huey Lewis & The News,https://i.scdn.co/image/ab67616d0000b273833510f734a8ac5a46307433
Throw Away Your Television,Red Hot Chili Peppers,https://i.scdn.co/image/ab67616d0000b273de1af2785a83cc660155a0c4
The Flood,Escape the Fate,https://i.scdn.co/image/ab67616d0000b273b69af5d9f8fb68e9c820d662
Laid,James,https://i.scdn.co/image/ab67616d0000b273b67dbb84e0c1f82be886c8ea
This Velvet Glove,Red Hot Chili Peppers,https://i.scdn.co/image/ab67616d0000b273a9249ebb15ca7a5b75f16a90
Thank You,Dido,https://i.scdn.co/image/ab67616d0000b2733e5cbf3b3ac5905cb68377d5
I Miss You,blink-182,https://i.scdn.co/image/ab67616d0000b2730a4ae12eb3a9fb7e3815001c
Something Special,Pearl Jam,https://i.scdn.co/image/ab67616d0000b2736fcdcbbd9cae9001ca5b20d5
Creep,Radiohead,https://i.scdn.co/image/ab67616d0000b273ec548c00d3ac2f10be73366d
No Surprises,Radiohead,https://i.scdn.co/image/ab67616d0000b273c8b444df094279e70d0ed856
Karma Police,Radiohead,https://i.scdn.co/image/ab67616d0000b273c8b444df094279e70d0ed856
Exit Music (For A Film),Radiohead,https://i.scdn.co/image/ab67616d0000b273c8b444df094279e70d0ed856
Holier Than Thou - Remastered 2021,Metallica,https://i.scdn.co/image/ab67616d0000b273c1a13209dfe146aef3296e34
The Day That Never Comes,Metallica,https://i.scdn.co/image/ab67616d0000b273f5802466e1bc84cdf51d97e2
Killing In The Name,Rage Against The Machine,https://i.scdn.co/image/ab67616d0000b27354ab617bc2d4974ab6ffbece
Turn The Page,Metallica,https://i.scdn.co/image/ab67616d0000b27375e6375e11550746705a9645
Sikamikanico,Red Hot Chili Peppers,https://i.scdn.co/image/ab67616d0000b273105db931298b7366fec712cb
Sick Love,Red Hot Chili Peppers,https://i.scdn.co/image/ab67616d0000b27358406b3f1ac3ceaff7a64fef
My Apocalypse,Metallica,https://i.scdn.co/image/ab67616d0000b273f5802466e1bc84cdf51d97e2
Shadows Follow,Metallica,https://i.scdn.co/image/ab67616d0000b273cf2420c5c82d351496e8fd9e
Ah Yom,John Frusciante,https://i.scdn.co/image/ab67616d0000b273d0fc10bfd23d2ef8824a0d81
Suicide & Redemption,Metallica,https://i.scdn.co/image/ab67616d0000b273f5802466e1bc84cdf51d97e2
Zone,John Frusciante,https://i.scdn.co/image/ab67616d0000b2730fd255ff5e42f161a0428d11
Giorgio by Moroder,Daft Punk,https://i.scdn.co/image/ab67616d0000b2739b9b36b0e22870b9f542d937
Overcompensate,Twenty One Pilots,https://i.scdn.co/image/ab67616d0000b27399bb3f025c3c637945080979
Walls,"John Frusciante, Josh Klinghoffer",https://i.scdn.co/image/ab67616d0000b273fad5d9e78941effaf4232716
Interior Two,John Frusciante,https://i.scdn.co/image/ab67616d0000b2731e953065a77553ea69792eef
What I Saw,John Frusciante,https://i.scdn.co/image/ab67616d0000b2731e953065a77553ea69792eef
I'm Around,John Frusciante,https://i.scdn.co/image/ab67616d0000b2731e953065a77553ea69792eef
Look On,John Frusciante,https://i.scdn.co/image/ab67616d0000b2731e953065a77553ea69792eef
Little Wing,Stevie Ray Vaughan,https://i.scdn.co/image/ab67616d0000b273eb72e98b6e645a68cdfe72a4
Old Age - Nevermind Outtake,Nirvana,https://i.scdn.co/image/ab67616d0000b2733a95d96086fa3571727707d1
Blackbird - Remastered 2009,The Beatles,https://i.scdn.co/image/ab67616d0000b2734ce8b4e42588bf18182a1ad2
Dark/Light,John Frusciante,https://i.scdn.co/image/ab67616d0000b273833104647f596f77a3a6aa5f
Time Runs Out,John Frusciante,https://i.scdn.co/image/ab67616d0000b27316f2f88d46c320334011dc25
You're All I Need,Mötley Crüe,https://i.scdn.co/image/ab67616d0000b273c1b41df3ca1fc7f6a69feb4f
So Excited,Stevie Ray Vaughan,https://i.scdn.co/image/ab67616d0000b27376bc8abf6974b4f6d490d034
"Come On, Pt. III",Stevie Ray Vaughan,https://i.scdn.co/image/ab67616d0000b2731b45c9a0c1df131f66d9c2ca
Wall of Denial,Stevie Ray Vaughan,https://i.scdn.co/image/ab67616d0000b273fb58ea8f6d1a6d3ac6ee9731
Hallowed Be Thy Name - 2015 Remaster,Iron Maiden,https://i.scdn.co/image/ab67616d0000b2735c29a88ba5341ca428f0c322
Change It,Stevie Ray Vaughan,https://i.scdn.co/image/ab67616d0000b2731b45c9a0c1df131f66d9c2ca
Down with the Sickness,Disturbed,https://i.scdn.co/image/ab67616d0000b2732b222dcd5c4fcac7c0e81da2
Mandatory Suicide,Slayer,https://i.scdn.co/image/ab67616d0000b2736b5a07577377bb68b33e908c
Hard Lines Sunken Cheeks,Pantera,https://i.scdn.co/image/ab67616d0000b27364fa027e7ef7ce20fa8b46f2
I'm Broken,Pantera,https://i.scdn.co/image/ab67616d0000b27364fa027e7ef7ce20fa8b46f2
Carry Me Home,Red Hot Chili Peppers,https://i.scdn.co/image/ab67616d0000b273aa50644f05f26e73ba950b8c
Rebel Of Babylon,Metallica,https://i.scdn.co/image/ab67616d0000b273702cd0315b57c5c25690bc58
Hate Train,Metallica,https://i.scdn.co/image/ab67616d0000b273702cd0315b57c5c25690bc58
Blackened,Metallica,https://i.scdn.co/image/ab67616d0000b2737c05e69390ab7c628a83cee7
Eye Of The Beholder,Metallica,https://i.scdn.co/image/ab67616d0000b2737c05e69390ab7c628a83cee7
Eye of the Beholder,Metallica,https://i.scdn.co/image/ab67616d0000b273fe896727e3db1027ed72d885
The Past Recedes,John Frusciante,https://i.scdn.co/image/ab67616d0000b2739a5f34517e3b55324e523a73
A Name,John Frusciante,https://i.scdn.co/image/ab67616d0000b2739a5f34517e3b55324e523a73
Travis Walk,Stevie Ray Vaughan,https://i.scdn.co/image/ab67616d0000b273fb58ea8f6d1a6d3ac6ee9731
Toxicity,System Of A Down,https://i.scdn.co/image/ab67616d0000b27307bc7d2a745636c356b4d0aa
Through the Never - Remastered 2021,Metallica,https://i.scdn.co/image/ab67616d0000b27376c60d2128c8e4649b85f2b2
Cowboys from Hell,Pantera,https://i.scdn.co/image/ab67616d0000b2730ce52f4ba340a1e459e6a978
Chop Suey!,System Of A Down,https://i.scdn.co/image/ab67616d0000b27307bc7d2a745636c356b4d0aa
Ride The Lightning - Remastered,Metallica,https://i.scdn.co/image/ab67616d0000b2739ad3e9959f48d513886b8933
Orion - Remastered,Metallica,https://i.scdn.co/image/ab67616d0000b27316d6f039fafd389911261ada
The Thing That Should Not Be - Remastered,Metallica,https://i.scdn.co/image/ab67616d0000b27316d6f039fafd389911261ada
Heart Full of Soul,Chris Isaak,https://i.scdn.co/image/ab67616d0000b27357937d25cfcbcc05ce04a517
It's My Life - 1997 Remaster,Talk Talk,https://i.scdn.co/image/ab67616d0000b273ed7b5f97f354c216f80d61da
Badfish,Sublime,https://i.scdn.co/image/ab67616d0000b273e6f11f4c160143e5efb97651
Red Red Wine,UB40,https://i.scdn.co/image/ab67616d0000b273678217496fb787a68f14f8af
Santeria,Sublime,https://i.scdn.co/image/ab67616d0000b2738fc4b0dcfb9509553f195c85
La Grange - 2005 Remaster,ZZ Top,https://i.scdn.co/image/ab67616d0000b2730fe2ec86a0ec561ef2e2aae1
Knock Me Down - Original Long Version,Red Hot Chili Peppers,https://i.scdn.co/image/ab67616d0000b27379ac84696fa8624e97684d27
Wait Until Tomorrow,Jimi Hendrix,https://i.scdn.co/image/ab67616d0000b27319dcd95d28b63d10164327f2
"I Don't Trust Myself (With Loving You) - Live at the Nokia Theatre, Los Angeles, CA - December 2007",John Mayer,https://i.scdn.co/image/ab67616d0000b2735b9c332f9f76cabc137e400f
Around the World,Daft Punk,https://i.scdn.co/image/ab67616d0000b2738ac778cc7d88779f74d33311
Contact,Daft Punk,https://i.scdn.co/image/ab67616d0000b2739b9b36b0e22870b9f542d937
Fragments of Time (feat. Todd Edwards),"Daft Punk, Todd Edwards",https://i.scdn.co/image/ab67616d0000b2739b9b36b0e22870b9f542d937
Lose Yourself to Dance (feat. Pharrell Williams),"Daft Punk, Pharrell Williams",https://i.scdn.co/image/ab67616d0000b2739b9b36b0e22870b9f542d937
Get Lucky (Radio Edit) [feat. Pharrell Williams and Nile Rodgers],"Daft Punk, Pharrell Williams, Nile Rodgers",https://i.scdn.co/image/ab67616d0000b2731d5cf960a92bb8b03fc2be7f
Never Going Back Again - 2004 Remaster,Fleetwood Mac,https://i.scdn.co/image/ab67616d0000b27357df7ce0eac715cf70e519a7
Aquatic Mouth Dance,Red Hot Chili Peppers,https://i.scdn.co/image/ab67616d0000b27397a52e0aeda9d95fb881c56d
Precious - Motor Remix,"Depeche Mode, MOTOR",https://i.scdn.co/image/ab67616d0000b273cd52164adcff67fcd1b1abec
Soul to Squeeze,Red Hot Chili Peppers,https://i.scdn.co/image/ab67616d0000b2735590b4ee88187cb06a5b102d
I'll Be Your Domino,Red Hot Chili Peppers,https://i.scdn.co/image/ab67616d0000b2737056328c4d7eee31b3677e98
Snow (Hey Oh),Red Hot Chili Peppers,https://i.scdn.co/image/ab67616d0000b27309fd83d32aee93dceba78517
Funny Face,Red Hot Chili Peppers,https://i.scdn.co/image/ab67616d0000b2737056328c4d7eee31b3677e98
So Much I,Red Hot Chili Peppers,https://i.scdn.co/image/ab67616d0000b27309fd83d32aee93dceba78517
I Like Dirt,Red Hot Chili Peppers,https://i.scdn.co/image/ab67616d0000b27394d08ab63e57b0cae74e8595
Purple Stain,Red Hot Chili Peppers,https://i.scdn.co/image/ab67616d0000b27394d08ab63e57b0cae74e8595
Road Trippin',Red Hot Chili Peppers,https://i.scdn.co/image/ab67616d0000b273a9249ebb15ca7a5b75f16a90
And I Love Her,Kurt Cobain,https://i.scdn.co/image/ab67616d0000b273a4c50ce025b39993dea03d71
21st Century,Red Hot Chili Peppers,https://i.scdn.co/image/ab67616d0000b27309fd83d32aee93dceba78517
She's Only 18,Red Hot Chili Peppers,https://i.scdn.co/image/ab67616d0000b27309fd83d32aee93dceba78517
Charlie,Red Hot Chili Peppers,https://i.scdn.co/image/ab67616d0000b27309fd83d32aee93dceba78517
Send My Love to Linda,Jimi Hendrix,https://i.scdn.co/image/ab67616d0000b2731a9909a62934d5a80a73152e
Jungle,Jimi Hendrix,https://i.scdn.co/image/ab67616d0000b2731a9909a62934d5a80a73152e
Still In Love With You,Thin Lizzy,https://i.scdn.co/image/ab67616d0000b27383e6f55ea214ef74816e0f61
Borderline,Thin Lizzy,https://i.scdn.co/image/ab67616d0000b273b6e8d2fd93860d43e433c1ad
"White Heat, Red Hot",Judas Priest,https://i.scdn.co/image/ab67616d0000b273a4c79ec8f98d1866d266f5af
Room of Mirrors,Metallica,https://i.scdn.co/image/ab67616d0000b273cf2420c5c82d351496e8fd9e
Welcome Home (Sanitarium) - Remastered,Metallica,https://i.scdn.co/image/ab67616d0000b27316d6f039fafd389911261ada
Some Girls Are Bigger Than Others - 2011 Remaster,The Smiths,https://i.scdn.co/image/ab67616d0000b273ada101c2e9e97feb8fae37a9
Creeping Death - Remastered,Metallica,https://i.scdn.co/image/ab67616d0000b2739ad3e9959f48d513886b8933
Escape - Remastered,Metallica,https://i.scdn.co/image/ab67616d0000b2739ad3e9959f48d513886b8933
Inamorata,Metallica,https://i.scdn.co/image/ab67616d0000b273cf2420c5c82d351496e8fd9e
Chasing Light,Metallica,https://i.scdn.co/image/ab67616d0000b273cf2420c5c82d351496e8fd9e
To The Hilt,Die Krupps,https://i.scdn.co/image/ab67616d0000b273edf679d028f24ff3ca429ff2
Still Got The Blues,Gary Moore,https://i.scdn.co/image/ab67616d0000b273b586fc87d8bde3ba953f233a
Each Time You Fall in Love,Cigarettes After Sex,https://i.scdn.co/image/ab67616d0000b27312b69bf576f5e80291f75161
K.,Cigarettes After Sex,https://i.scdn.co/image/ab67616d0000b27312b69bf576f5e80291f75161
Gypsy Eyes,Jimi Hendrix,https://i.scdn.co/image/ab67616d0000b273522088789d49e216d9818292
"Bold as Love - Live at the Nokia Theatre, Los Angeles, CA - December 2007",John Mayer,https://i.scdn.co/image/ab67616d0000b2735b9c332f9f76cabc137e400f
"Out of My Mind - Live at the Nokia Theatre, Los Angeles, CA - December 2007",John Mayer,https://i.scdn.co/image/ab67616d0000b2735b9c332f9f76cabc137e400f
"Vultures - Live at the Nokia Theatre, Los Angeles, CA - December 2007",John Mayer,https://i.scdn.co/image/ab67616d0000b2735b9c332f9f76cabc137e400f
Maybe,The Chantels,https://i.scdn.co/image/ab67616d0000b273b7ed2e78ca035ccd5ed15dfd
Million Miles of Water,Red Hot Chili Peppers,https://i.scdn.co/image/ab67616d0000b2739eece7a1b7140aaf4056b9b4
The Heavy Wing,Red Hot Chili Peppers,https://i.scdn.co/image/ab67616d0000b27397a52e0aeda9d95fb881c56d
Song For The Dead,Queens of the Stone Age,https://i.scdn.co/image/ab67616d0000b2739eec33b045d88f87b9b06e67
The Way You Used To Do,Queens of the Stone Age,https://i.scdn.co/image/ab67616d0000b27389401ba9a9c231e2add35ae8
Murderers,John Frusciante,https://i.scdn.co/image/ab67616d0000b2732212a5deaedc7b5060799d83
Away & Anywhere,John Frusciante,https://i.scdn.co/image/ab67616d0000b2732212a5deaedc7b5060799d83
Wind up Space,John Frusciante,https://i.scdn.co/image/ab67616d0000b2732212a5deaedc7b5060799d83
Before The Beginning,John Frusciante,https://i.scdn.co/image/ab67616d0000b273833104647f596f77a3a6aa5f
Life Without You,Stevie Ray Vaughan,https://i.scdn.co/image/ab67616d0000b2731b45c9a0c1df131f66d9c2ca
Look at Little Sister,Stevie Ray Vaughan,https://i.scdn.co/image/ab67616d0000b2731b45c9a0c1df131f66d9c2ca
S.R.V.,Eric Johnson,https://i.scdn.co/image/ab67616d0000b27349c44f88bfc4996162b21716
Mary Had a Little Lamb,Stevie Ray Vaughan,https://i.scdn.co/image/ab67616d0000b273f7143c00741b94bb62025340
Free Bird,Lynyrd Skynyrd,https://i.scdn.co/image/ab67616d0000b273128450651c9f0442780d8eb8
Blackened,Metallica,https://i.scdn.co/image/ab67616d0000b273fe896727e3db1027ed72d885
Suggestions,System Of A Down,https://i.scdn.co/image/ab67616d0000b2734e7ff4a30597e57f5bc988f9
The Shortest Straw,Metallica,https://i.scdn.co/image/ab67616d0000b273fe896727e3db1027ed72d885
One,Metallica,https://i.scdn.co/image/ab67616d0000b273fe896727e3db1027ed72d885
Lux Æterna,Metallica,https://i.scdn.co/image/ab67616d0000b273e79f40ea18f4738b8e910b27
"Come On, Pt. III - 1984 Version",Stevie Ray Vaughan,https://i.scdn.co/image/ab67616d0000b273eb72e98b6e645a68cdfe72a4
Vasoline - 2019 Remaster,Stone Temple Pilots,https://i.scdn.co/image/ab67616d0000b273fc7df879208b362bb1ce1499
Stadium Arcadium,Red Hot Chili Peppers,https://i.scdn.co/image/ab67616d0000b27309fd83d32aee93dceba78517
Subway To Venus - Remastered 2003,Red Hot Chili Peppers,https://i.scdn.co/image/ab67616d0000b27379ac84696fa8624e97684d27
Regret,John Frusciante,https://i.scdn.co/image/ab67616d0000b273170c1534eab1173ca18982ed
Carvel,John Frusciante,https://i.scdn.co/image/ab67616d0000b273170c1534eab1173ca18982ed
This Cold,John Frusciante,https://i.scdn.co/image/ab67616d0000b273170c1534eab1173ca18982ed
Omission,John Frusciante,https://i.scdn.co/image/ab67616d0000b273170c1534eab1173ca18982ed
Song To Sing When I'm Lonely,John Frusciante,https://i.scdn.co/image/ab67616d0000b273170c1534eab1173ca18982ed
Wednesday's Song,John Frusciante,https://i.scdn.co/image/ab67616d0000b273170c1534eab1173ca18982ed
Sir Psycho Sexy,Red Hot Chili Peppers,https://i.scdn.co/image/ab67616d0000b273153d79816d853f2694b2cc70
Venice Queen,Red Hot Chili Peppers,https://i.scdn.co/image/ab67616d0000b273de1af2785a83cc660155a0c4
Monarchy of Roses,Red Hot Chili Peppers,https://i.scdn.co/image/ab67616d0000b27396136a2ab5696812e9b26723
Naked in the Rain,Red Hot Chili Peppers,https://i.scdn.co/image/ab67616d0000b273153d79816d853f2694b2cc70
Havana Affair - 2012 Remaster,Red Hot Chili Peppers,https://i.scdn.co/image/ab67616d0000b273e764bedf255dfc854f341e0c
Torture Me,Red Hot Chili Peppers,https://i.scdn.co/image/ab67616d0000b27309fd83d32aee93dceba78517
Slow Cheetah,Red Hot Chili Peppers,https://i.scdn.co/image/ab67616d0000b27309fd83d32aee93dceba78517
Readymade,Red Hot Chili Peppers,https://i.scdn.co/image/ab67616d0000b27309fd83d32aee93dceba78517
Storm in a Teacup,Red Hot Chili Peppers,https://i.scdn.co/image/ab67616d0000b27309fd83d32aee93dceba78517
Wet Sand,Red Hot Chili Peppers,https://i.scdn.co/image/ab67616d0000b27309fd83d32aee93dceba78517
Hey,Red Hot Chili Peppers,https://i.scdn.co/image/ab67616d0000b27309fd83d32aee93dceba78517
Runaway - 2006 Remaster,Red Hot Chili Peppers,https://i.scdn.co/image/ab67616d0000b273de1af2785a83cc660155a0c4
Warm Tape,Red Hot Chili Peppers,https://i.scdn.co/image/ab67616d0000b273de1af2785a83cc660155a0c4
Minor Thing,Red Hot Chili Peppers,https://i.scdn.co/image/ab67616d0000b273de1af2785a83cc660155a0c4
Dosed,Red Hot Chili Peppers,https://i.scdn.co/image/ab67616d0000b273de1af2785a83cc660155a0c4
Universally Speaking,Red Hot Chili Peppers,https://i.scdn.co/image/ab67616d0000b273de1af2785a83cc660155a0c4
Time is Running Out,Muse,https://i.scdn.co/image/ab67616d0000b2738cb690f962092fd44bbe2bf4
Ghosts (How Can I Move On),Muse,https://i.scdn.co/image/ab67616d0000b27342c90d53e8c596285e8f59ff
Won’t Stand Down,Muse,https://i.scdn.co/image/ab67616d0000b27342c90d53e8c596285e8f59ff
We Are Fucking Fucked,Muse,https://i.scdn.co/image/ab67616d0000b27342c90d53e8c596285e8f59ff
Compliance,Muse,https://i.scdn.co/image/ab67616d0000b27342c90d53e8c596285e8f59ff
Kill Or Be Killed,Muse,https://i.scdn.co/image/ab67616d0000b27342c90d53e8c596285e8f59ff
The Power Of Love,Huey Lewis & The News,https://i.scdn.co/image/ab67616d0000b2735306ed42ae78f317258c51bb
Pretty Little Ditty - Remastered 2003,Red Hot Chili Peppers,https://i.scdn.co/image/ab67616d0000b27379ac84696fa8624e97684d27
I Could Have Lied,Red Hot Chili Peppers,https://i.scdn.co/image/ab67616d0000b273153d79816d853f2694b2cc70
Man in Black,Johnny Cash,https://i.scdn.co/image/ab67616d0000b273c0758da80c7f77ea349b6add
"Sunday Morning Coming Down - Live at Ryman Auditorium, Nashville, TN - July 1970",Johnny Cash,https://i.scdn.co/image/ab67616d0000b273299932c18fbb42f4f7cccc3a
The Righteous & the Wicked,Red Hot Chili Peppers,https://i.scdn.co/image/ab67616d0000b273153d79816d853f2694b2cc70
Girl from the North Country,"Bob Dylan, Johnny Cash",https://i.scdn.co/image/ab67616d0000b27322debe1325cc21c9bb0c0b07
"Wait Until Tomorrow - Live at the Nokia Theatre, Los Angeles, CA - December 2007",John Mayer,https://i.scdn.co/image/ab67616d0000b2735b9c332f9f76cabc137e400f
"Everyday I Have The Blues - Live at the Nokia Theatre, Los Angeles, CA - December 2007",John Mayer,https://i.scdn.co/image/ab67616d0000b2735b9c332f9f76cabc137e400f
"Who Did You Think I Was - Live at the Nokia Theatre, Los Angeles, CA - December 2007",John Mayer,https://i.scdn.co/image/ab67616d0000b2735b9c332f9f76cabc137e400f
"I Don't Need No Doctor - Live at the Nokia Theatre, Los Angeles, CA - December 2007",John Mayer,https://i.scdn.co/image/ab67616d0000b2735b9c332f9f76cabc137e400f
I Feel You,Depeche Mode,https://i.scdn.co/image/ab67616d0000b273029fe2605ca0c2edd929658f
Just Can't Get Enough,Depeche Mode,https://i.scdn.co/image/ab67616d0000b27388ffe8c41647856e6fa5e1ab
Mellowship Slinky in B Major,Red Hot Chili Peppers,https://i.scdn.co/image/ab67616d0000b273153d79816d853f2694b2cc70
Change the World,Eric Clapton,https://i.scdn.co/image/ab67616d0000b273ed4b2a6ea7d8a04f39be0be0
Come Together,Michael Jackson,https://i.scdn.co/image/ab67616d0000b273d0593178c6c2594693ee34b7
Moth Into Flame,Metallica,https://i.scdn.co/image/ab67616d0000b2737b10c20f959932a6c790c074
Of Wolf and Man - Remastered 2021,Metallica,https://i.scdn.co/image/ab67616d0000b27376c60d2128c8e4649b85f2b2
Fade To Black - Remastered,Metallica,https://i.scdn.co/image/ab67616d0000b2739ad3e9959f48d513886b8933
Stain,Nirvana,https://i.scdn.co/image/ab67616d0000b273e1f5fcef5fb5f70aa0a717fc
Aneurysm,Nirvana,https://i.scdn.co/image/ab67616d0000b273e1f5fcef5fb5f70aa0a717fc
Pennyroyal Tea,Nirvana,https://i.scdn.co/image/ab67616d0000b273c4f52ef8782f0e8ede4c1aaf
Rape Me,Nirvana,https://i.scdn.co/image/ab67616d0000b273aca059cebc1841277db22d1c
Smells Like Teen Spirit,Nirvana,https://i.scdn.co/image/ab67616d0000b273fbc71c99f9c1296c56dd51b6
Stay Away,Nirvana,https://i.scdn.co/image/ab67616d0000b273fbc71c99f9c1296c56dd51b6
Lounge Act,Nirvana,https://i.scdn.co/image/ab67616d0000b273fbc71c99f9c1296c56dd51b6
Drain You,Nirvana,https://i.scdn.co/image/ab67616d0000b273fbc71c99f9c1296c56dd51b6
Heart-Shaped Box,Nirvana,https://i.scdn.co/image/ab67616d0000b273aca059cebc1841277db22d1c
You Know You're Right,Nirvana,https://i.scdn.co/image/ab67616d0000b27356072fea6785a3ad2d24237c
Breed,Nirvana,https://i.scdn.co/image/ab67616d0000b273fbc71c99f9c1296c56dd51b6
Sappy,Nirvana,https://i.scdn.co/image/ab67616d0000b2733a95d96086fa3571727707d1
Interstate Love Song - 2019 Remaster,Stone Temple Pilots,https://i.scdn.co/image/ab67616d0000b273fc7df879208b362bb1ce1499
All Apologies,Nirvana,https://i.scdn.co/image/ab67616d0000b273aca059cebc1841277db22d1c
Moist Vagina - 2013 Mix,Nirvana,https://i.scdn.co/image/ab67616d0000b273aca059cebc1841277db22d1c
I Hate Myself And Want To Die - Demo,Nirvana,https://i.scdn.co/image/ab67616d0000b2733a95d96086fa3571727707d1
Verse Chorus Verse - Outtake,Nirvana,https://i.scdn.co/image/ab67616d0000b2733a95d96086fa3571727707d1
I Sat by the Ocean,Queens of the Stone Age,https://i.scdn.co/image/ab67616d0000b273a705b56a83b703453d8ddd04
Pushin' Forward Back,Temple Of The Dog,https://i.scdn.co/image/ab67616d0000b273483c3d93af76b1f635f9dc7d
Aero Zeppelin,Nirvana,https://i.scdn.co/image/ab67616d0000b273e1f5fcef5fb5f70aa0a717fc
Beeswax,Nirvana,https://i.scdn.co/image/ab67616d0000b273e1f5fcef5fb5f70aa0a717fc
Love Buzz,Nirvana,https://i.scdn.co/image/ab67616d0000b27397507fd22fb690cb9085a864
Rape Me,Nirvana,https://i.scdn.co/image/ab67616d0000b27356072fea6785a3ad2d24237c
Heart-Shaped Box,Nirvana,https://i.scdn.co/image/ab67616d0000b27356072fea6785a3ad2d24237c
Leash - Remastered,Pearl Jam,https://i.scdn.co/image/ab67616d0000b273777344aba9d5b5785b4593a5
February Stars,Foo Fighters,https://i.scdn.co/image/ab67616d0000b2730389027010b78a5e7dce426b
Soldier of Love,Pearl Jam,https://i.scdn.co/image/ab67616d0000b273d7db5abcbc899f3994c66fc6
Better Man,Pearl Jam,https://i.scdn.co/image/ab67616d0000b273f0f6b8bc425633e6ed6369c4
If 6 Was 9,Jimi Hendrix,https://i.scdn.co/image/ab67616d0000b27319dcd95d28b63d10164327f2
Castles Made of Sand,Jimi Hendrix,https://i.scdn.co/image/ab67616d0000b27319dcd95d28b63d10164327f2
Bold as Love,Jimi Hendrix,https://i.scdn.co/image/ab67616d0000b27319dcd95d28b63d10164327f2
Stop This Train,John Mayer,https://i.scdn.co/image/ab67616d0000b2737af5fdc5ef048a68db62b85f
Crest Of A Wave,Rory Gallagher,https://i.scdn.co/image/ab67616d0000b273bf78e5d6d456a2027612e4e4
Bold as Love,John Mayer,https://i.scdn.co/image/ab67616d0000b2737af5fdc5ef048a68db62b85f
3x5,John Mayer,https://i.scdn.co/image/ab67616d0000b2738848d57cbfa7751e028f4dc9
Just Breathe,Pearl Jam,https://i.scdn.co/image/ab67616d0000b273cd1c5e0054c122d9aa3f829a
Gravity,John Mayer,https://i.scdn.co/image/ab67616d0000b2737af5fdc5ef048a68db62b85f
Who Says,John Mayer,https://i.scdn.co/image/ab67616d0000b2731e3dbe4453ed61633c472fbe
Waiting On the World to Change,John Mayer,https://i.scdn.co/image/ab67616d0000b2737af5fdc5ef048a68db62b85f
Born and Raised,John Mayer,https://i.scdn.co/image/ab67616d0000b2733c6bbf44de57c6eb51818694
If I Ever Get Around To Living,John Mayer,https://i.scdn.co/image/ab67616d0000b2733c6bbf44de57c6eb51818694
Rape Me,Nirvana,https://i.scdn.co/image/ab67616d0000b273c4f52ef8782f0e8ede4c1aaf
Tippa My Tongue,Red Hot Chili Peppers,https://i.scdn.co/image/ab67616d0000b27326c45c792ba862563d9bf85f
Immigrant Song - Remaster,Led Zeppelin,https://i.scdn.co/image/ab67616d0000b27390a50cfe99a4c19ff3cbfbdb
"Friends, Lovers or Nothing",John Mayer,https://i.scdn.co/image/ab67616d0000b2731e3dbe4453ed61633c472fbe
Big Cheese,Nirvana,https://i.scdn.co/image/ab67616d0000b27397507fd22fb690cb9085a864
Floyd The Barber,Nirvana,https://i.scdn.co/image/ab67616d0000b27397507fd22fb690cb9085a864
Blew,Nirvana,https://i.scdn.co/image/ab67616d0000b27397507fd22fb690cb9085a864
Negative Creep,Nirvana,https://i.scdn.co/image/ab67616d0000b27397507fd22fb690cb9085a864
Radio Friendly Unit Shifter,Nirvana,https://i.scdn.co/image/ab67616d0000b273aca059cebc1841277db22d1c
Sex on Fire,Kings of Leon,https://i.scdn.co/image/ab67616d0000b2732519d01c0cca06f134eeadd8
Sledgehammer,Peter Gabriel,https://i.scdn.co/image/ab67616d0000b27311bb04f55be562c76d8e8ecf
Shut Your Eyes,Snow Patrol,https://i.scdn.co/image/ab67616d0000b27323020a3f1cf353ce1a50d0b3
Dream On,Aerosmith,https://i.scdn.co/image/ab67616d0000b273b11078ee23dcd99e085ac33e
John the Revelator,Depeche Mode,https://i.scdn.co/image/ab67616d0000b273ed1506834f09438351cf1dc5
Shake the Disease,Depeche Mode,https://i.scdn.co/image/ab67616d0000b273878ae6fc96ee5954168838fc
Strangelove,Depeche Mode,https://i.scdn.co/image/ab67616d0000b2730a7d45a345534966a4ad2c39
More Than a Feeling,Boston,https://i.scdn.co/image/ab67616d0000b2738c1fadcc997a65384f34d694
Hotel California - 2013 Remaster,Eagles,https://i.scdn.co/image/ab67616d0000b2734637341b9f507521afa9a778
Every Breath You Take,The Police,https://i.scdn.co/image/ab67616d0000b273c8e97cafeb2acb85b21a777e
Otherside,Red Hot Chili Peppers,https://i.scdn.co/image/ab67616d0000b273a9249ebb15ca7a5b75f16a90
Brothers In Arms,Dire Straits,https://i.scdn.co/image/ab67616d0000b273042dbf8721e37f11843bfeac
Shut Your Eyes,Snow Patrol,https://i.scdn.co/image/ab67616d0000b2735da2756220da9b6f17924f8f
One,U2,https://i.scdn.co/image/ab67616d0000b27337cd18af5725b9cad0a5ab53
Message In A Bottle,The Police,https://i.scdn.co/image/ab67616d0000b2738ec81cc654b45ade8bdf1486
Space Oddity - 2015 Remaster,David Bowie,https://i.scdn.co/image/ab67616d0000b2733395f3e809dfbc2b1101d464
Let's Dance - 2018 Remaster,David Bowie,https://i.scdn.co/image/ab67616d0000b273db0917ddd4139153bc1d1a1a
The Sky Is Crying - 1985 Version,Stevie Ray Vaughan,https://i.scdn.co/image/ab67616d0000b27376bc8abf6974b4f6d490d034
Texas Flood,Stevie Ray Vaughan,https://i.scdn.co/image/ab67616d0000b273f7143c00741b94bb62025340
Be Yourself,Audioslave,https://i.scdn.co/image/ab67616d0000b27307301dd5fedf5ad64cde4882
Everybody Hurts,R.E.M.,https://i.scdn.co/image/ab67616d0000b273ace3e7aae0b7c78bbe1c4f35
All Nightmare Long,Metallica,https://i.scdn.co/image/ab67616d0000b273f5802466e1bc84cdf51d97e2
Through The Never,Metallica,https://i.scdn.co/image/ab67616d0000b273cf84c5b276431b473e924802
Walk,Pantera,https://i.scdn.co/image/ab67616d0000b273347c0a40c1e3f0c890a6d9d6
"Rooster - Live at the Majestic Theatre, Brooklyn, NY - April 1996",Alice In Chains,https://i.scdn.co/image/ab67616d0000b273f2b6bebda774909d71e0f796
Helpless,John Mayer,https://i.scdn.co/image/ab67616d0000b273c6bfaf942ed981d5c4c922e4
Crossroads,John Mayer,https://i.scdn.co/image/ab67616d0000b2731e3dbe4453ed61633c472fbe
I Don't Need No Doctor,"John Scofield, John Mayer",https://i.scdn.co/image/ab67616d0000b2736a2decd1f9ca3efa76c78bc0
Preaching The End Of The World,Chris Cornell,https://i.scdn.co/image/ab67616d0000b273bd74dc1cdeeb5c4b57945cab
I Am the Highway,Audioslave,https://i.scdn.co/image/ab67616d0000b273a7292b6863258e889b78d787
Plush,Stone Temple Pilots,https://i.scdn.co/image/ab67616d0000b273147e0a8a7c795a4eb7c511db
Iris,Live,https://i.scdn.co/image/ab67616d0000b273cf4c914bea5aba3e3066595a
Like a Stone,Audioslave,https://i.scdn.co/image/ab67616d0000b273a7292b6863258e889b78d787
Money For Nothing,Dire Straits,https://i.scdn.co/image/ab67616d0000b273042dbf8721e37f11843bfeac
Losing My Religion,R.E.M.,https://i.scdn.co/image/ab67616d0000b273e2dd4e821bcc3f70dc0c8ffd
Can't Stop,Red Hot Chili Peppers,https://i.scdn.co/image/ab67616d0000b273de1af2785a83cc660155a0c4
Apocalypse,Cigarettes After Sex,https://i.scdn.co/image/ab67616d0000b27312b69bf576f5e80291f75161
Neon,John Mayer,https://i.scdn.co/image/ab67616d0000b2738848d57cbfa7751e028f4dc9
Love on the Weekend,John Mayer,https://i.scdn.co/image/ab67616d0000b273c6bfaf942ed981d5c4c922e4
Scar Tissue,Red Hot Chili Peppers,https://i.scdn.co/image/ab67616d0000b27394d08ab63e57b0cae74e8595
These Are the Ways,Red Hot Chili Peppers,https://i.scdn.co/image/ab67616d0000b27397a52e0aeda9d95fb881c56d
Black Summer,Red Hot Chili Peppers,https://i.scdn.co/image/ab67616d0000b273579b9602ae484950d95d0ab8
Californication,Red Hot Chili Peppers,https://i.scdn.co/image/ab67616d0000b27394d08ab63e57b0cae74e8595
Otherside,Red Hot Chili Peppers,https://i.scdn.co/image/ab67616d0000b27394d08ab63e57b0cae74e8595
Fake Plastic Trees,Radiohead,https://i.scdn.co/image/ab67616d0000b2739293c743fa542094336c5e12
The Zephyr Song,Red Hot Chili Peppers,https://i.scdn.co/image/ab67616d0000b273fdbcee40748537ff80a7af70
Give It Away,Red Hot Chili Peppers,https://i.scdn.co/image/ab67616d0000b273153d79816d853f2694b2cc70
Suck My Kiss,Red Hot Chili Peppers,https://i.scdn.co/image/ab67616d0000b273153d79816d853f2694b2cc70
Dani California,Red Hot Chili Peppers,https://i.scdn.co/image/ab67616d0000b27309fd83d32aee93dceba78517
Under the Bridge,Red Hot Chili Peppers,https://i.scdn.co/image/ab67616d0000b273153d79816d853f2694b2cc70
By the Way,Red Hot Chili Peppers,https://i.scdn.co/image/ab67616d0000b273de1af2785a83cc660155a0c4
Sunday Bloody Sunday,U2,https://i.scdn.co/image/ab67616d0000b2733ebda46c0dce5e50a27edc3c
Easy,Faith No More,https://i.scdn.co/image/ab67616d0000b27336842671366bfeb3d7c5f19e
Good Riddance (Time of Your Life),Green Day,https://i.scdn.co/image/ab67616d0000b273da4f6706ae0f2501c61ce776
Barley & Grape Rag,Rory Gallagher,https://i.scdn.co/image/ab67616d0000b2734b4d020e221e7c2fd8ca7980
Albatross,Fleetwood Mac,https://i.scdn.co/image/ab67616d0000b2735da80925863f1660c8899d8d
Unmilitary Two-Step - Remastered 2011,Rory Gallagher,https://i.scdn.co/image/ab67616d0000b273f24918552793c7ecca4b88f8
The Unforgiven,Metallica,https://i.scdn.co/image/ab67616d0000b273cf84c5b276431b473e924802
Fight Fire With Fire - Remastered,Metallica,https://i.scdn.co/image/ab67616d0000b2739ad3e9959f48d513886b8933
Black Hole Sun,Soundgarden,https://i.scdn.co/image/ab67616d0000b2738911bae00cdb228c10030978
"Damage, Inc.",Metallica,https://i.scdn.co/image/ab67616d0000b273668e3aca3167e6e569a9aa20
Orion,Metallica,https://i.scdn.co/image/ab67616d0000b273668e3aca3167e6e569a9aa20
The Thing That Should Not Be,Metallica,https://i.scdn.co/image/ab67616d0000b273668e3aca3167e6e569a9aa20
Burden In My Hand,Soundgarden,https://i.scdn.co/image/ab67616d0000b2736d70b73bcb327515e9fa8fac
Kickstart My Heart,Mötley Crüe,https://i.scdn.co/image/ab67616d0000b27357338231dc4a85d5aed03186
Call Me A Dog,Temple Of The Dog,https://i.scdn.co/image/ab67616d0000b273483c3d93af76b1f635f9dc7d
Louder Than Hell,Mötley Crüe,https://i.scdn.co/image/ab67616d0000b273c1e6b9b327e99d96b62d8671
Piece Of Your Action,Mötley Crüe,https://i.scdn.co/image/ab67616d0000b273d00811a76d86c03372b65d1e
Same Ol' Situation (S.O.S.),Mötley Crüe,https://i.scdn.co/image/ab67616d0000b27357338231dc4a85d5aed03186
Wild Side,Mötley Crüe,https://i.scdn.co/image/ab67616d0000b2735c324a28cdf77defbe68a20d
Take Me To The Top,Mötley Crüe,https://i.scdn.co/image/ab67616d0000b273d00811a76d86c03372b65d1e
You're All I Need,Mötley Crüe,https://i.scdn.co/image/ab67616d0000b2735c324a28cdf77defbe68a20d
Home Sweet Home,Mötley Crüe,https://i.scdn.co/image/ab67616d0000b273c1e6b9b327e99d96b62d8671
Somebody's Watching Me,Rockwell,https://i.scdn.co/image/ab67616d0000b2735284333459b08de72e2bda0d
Tuesday's Gone,Metallica,https://i.scdn.co/image/ab67616d0000b27375e6375e11550746705a9645
Harvester of Sorrow,Metallica,https://i.scdn.co/image/ab67616d0000b273fe896727e3db1027ed72d885
The Unforgiven - Remastered 2021,Metallica,https://i.scdn.co/image/ab67616d0000b27376c60d2128c8e4649b85f2b2
You Ain't The First,Guns N' Roses,https://i.scdn.co/image/ab67616d0000b273e44963b8bb127552ac761873
Don't Cry (Original),Guns N' Roses,https://i.scdn.co/image/ab67616d0000b273c5803d7a2712cc6beee72281
Patience,Guns N' Roses,https://i.scdn.co/image/ab67616d0000b273275b7ffe49eb84ab13a71980
Paranoid,Black Sabbath,https://i.scdn.co/image/ab67616d0000b2739683e5d7361bb80bfb00f46d
Spit Out The Bone,Metallica,https://i.scdn.co/image/ab67616d0000b2737b10c20f959932a6c790c074
Wheels Within Wheels,Rory Gallagher,https://i.scdn.co/image/ab67616d0000b2732304c63f3932eac075ce2c2b
Out Of My Mind,Rory Gallagher,https://i.scdn.co/image/ab67616d0000b273bf78e5d6d456a2027612e4e4
I'll Admit You're Gone,Rory Gallagher,https://i.scdn.co/image/ab67616d0000b2734b4d020e221e7c2fd8ca7980
Edged In Blue,Rory Gallagher,https://i.scdn.co/image/ab67616d0000b2734b4d020e221e7c2fd8ca7980
Don't Know Where I'm Going,Rory Gallagher,https://i.scdn.co/image/ab67616d0000b273add30b568a7103b146516a1e
Where Was I Going To?,Rory Gallagher,https://i.scdn.co/image/ab67616d0000b2734b4d020e221e7c2fd8ca7980
Jump In The Fire - Remastered,Metallica,https://i.scdn.co/image/ab67616d0000b273d30fcf6340831edbafb45e38
The Four Horsemen - Remastered,Metallica,https://i.scdn.co/image/ab67616d0000b273d30fcf6340831edbafb45e38
Hit The Lights - Remastered,Metallica,https://i.scdn.co/image/ab67616d0000b273d30fcf6340831edbafb45e38
Your Song,Elton John,https://i.scdn.co/image/ab67616d0000b2734b292ed7c7360a04d3d6b74a
I'm Still Standing,Elton John,https://i.scdn.co/image/ab67616d0000b273eb11e2abccdca41f39ad3b89
"Rocket Man (I Think It's Going To Be A Long, Long Time)",Elton John,https://i.scdn.co/image/ab67616d0000b2733009007708ab5134936a58b3
Whiplash - Remastered,Metallica,https://i.scdn.co/image/ab67616d0000b273d30fcf6340831edbafb45e38
Seek & Destroy - Remastered,Metallica,https://i.scdn.co/image/ab67616d0000b273d30fcf6340831edbafb45e38
No Remorse - Remastered,Metallica,https://i.scdn.co/image/ab67616d0000b273d30fcf6340831edbafb45e38
Telephone Song,The Vaughan Brothers,https://i.scdn.co/image/ab67616d0000b2731b50cc6a7cc81185d0a0a45d
Tick Tock,The Vaughan Brothers,https://i.scdn.co/image/ab67616d0000b2731b50cc6a7cc81185d0a0a45d
Hunger Strike,Temple Of The Dog,https://i.scdn.co/image/ab67616d0000b273483c3d93af76b1f635f9dc7d
Leper Messiah,Metallica,https://i.scdn.co/image/ab67616d0000b273668e3aca3167e6e569a9aa20
Disposable Heroes,Metallica,https://i.scdn.co/image/ab67616d0000b273668e3aca3167e6e569a9aa20
Not for You,Pearl Jam,https://i.scdn.co/image/ab67616d0000b273f0f6b8bc425633e6ed6369c4
Even Flow - Live MTV Unplugged,Pearl Jam,https://i.scdn.co/image/ab67616d0000b273add2474f5952482c05611f6c
Alive - Live MTV Unplugged,Pearl Jam,https://i.scdn.co/image/ab67616d0000b273add2474f5952482c05611f6c
State of Love and Trust,Pearl Jam,https://i.scdn.co/image/ab67616d0000b273c75a7b98a59e8988e6b1b052
Daughter - Remastered,Pearl Jam,https://i.scdn.co/image/ab67616d0000b273777344aba9d5b5785b4593a5
Elderly Woman Behind the Counter in a Small Town - Remastered,Pearl Jam,https://i.scdn.co/image/ab67616d0000b273777344aba9d5b5785b4593a5
Jeremy - Live MTV Unplugged,Pearl Jam,https://i.scdn.co/image/ab67616d0000b273add2474f5952482c05611f6c
Porch - Live MTV Unplugged,Pearl Jam,https://i.scdn.co/image/ab67616d0000b273add2474f5952482c05611f6c
Black - Live MTV Unplugged,Pearl Jam,https://i.scdn.co/image/ab67616d0000b273add2474f5952482c05611f6c
State of Love And Trust - Live MTV Unplugged,Pearl Jam,https://i.scdn.co/image/ab67616d0000b273add2474f5952482c05611f6c
Last Kiss,Pearl Jam,https://i.scdn.co/image/ab67616d0000b273d7db5abcbc899f3994c66fc6
Here Comes The Sun - Remastered 2009,The Beatles,https://i.scdn.co/image/ab67616d0000b273dc30583ba717007b00cceb25
Life Without You,Stevie Ray Vaughan,https://i.scdn.co/image/ab67616d0000b273f443c20c8fd9933818965efc
Life on Mars? - 2015 Remaster,David Bowie,https://i.scdn.co/image/ab67616d0000b273e464904cc3fed2b40fc55120
Too Far Gone,Slash,https://i.scdn.co/image/ab67616d0000b2731be31537933da4b3ea4fe37a
Wasting My Hate,Metallica,https://i.scdn.co/image/ab67616d0000b273d691ec833eb067d9a9e4ded7
If I Don't Sing I'll Cry,Taste,https://i.scdn.co/image/ab67616d0000b2733a3aea980c768276d923b09a
Hail,Taste,https://i.scdn.co/image/ab67616d0000b273cf3d2a9d6312bc639f1c448b
Killing Floor - Live At Monterey,Jimi Hendrix,https://i.scdn.co/image/ab67616d0000b2732caddd7cb137fad05649dcd0
"Blue Suede Shoes - Live Berkeley Community Center, Berkeley, CA May 30, 1970",Jimi Hendrix,https://i.scdn.co/image/ab67616d0000b2737f4381ea8754778a62a29a23
"Johnny B. Goode - Live Berkeley Community Center, Berkeley, CA May 30, 1970",Jimi Hendrix,https://i.scdn.co/image/ab67616d0000b2737f4381ea8754778a62a29a23
I'm Not Surprised,Rory Gallagher,https://i.scdn.co/image/ab67616d0000b273644522a4382ea83deac6efb0
Pistol Slapper Blues - Live,Rory Gallagher,https://i.scdn.co/image/ab67616d0000b27353cc9434312a12b2e33f9320
Do You Read Me,Rory Gallagher,https://i.scdn.co/image/ab67616d0000b2734b4d020e221e7c2fd8ca7980
Wildfire,John Mayer,https://i.scdn.co/image/ab67616d0000b2738e3ab1cbd76d15dc64450a13
